tariff_plan_code_from,arpu_segment,tariff_plan_code_to,n,ratio_mean,ratio_median,ratio_std,conditional_destination_share
tariff_1,LOW,tariff_10,14,2.044636728316387,3.0,1.5555760085627808,0.059574468085106386
tariff_1,LOW,tariff_11,2,1.2661970226340573,1.2661970226340573,2.451967685073768,0.00851063829787234
tariff_1,LOW,tariff_13,22,2.12133522401442,2.377115882490118,1.0300258774105708,0.09361702127659574
tariff_1,LOW,tariff_21,10,0.41937705059090574,-0.21966814620296765,1.655828303274162,0.0425531914893617
tariff_1,LOW,tariff_4,35,1.9842897277819325,3.0,1.580000502495597,0.14893617021276595
tariff_1,LOW,tariff_8,71,1.5487768447502956,3.0,1.6935027153160747,0.3021276595744681
tariff_1,LOW,tariff_9,81,1.99824465556878,3.0,1.476879382145532,0.3446808510638298
tariff_1,MID,tariff_10,26,0.8844752183621767,0.8370520447349055,1.2200944675759458,0.08253968253968254
tariff_1,MID,tariff_11,12,1.193371114031096,0.9092855714448898,1.5256833626372428,0.0380952380952381
tariff_1,MID,tariff_12,2,1.8147211636380423,1.8147211636380423,1.6762374055768812,0.006349206349206349
tariff_1,MID,tariff_13,67,0.3275846053182945,0.12620266034771066,0.7628408874818245,0.2126984126984127
tariff_1,MID,tariff_21,5,0.88187128127053,0.7151105414931112,1.8824659754783075,0.015873015873015872
tariff_1,MID,tariff_4,51,0.9970311136625141,0.6657704191746932,1.1960450674045846,0.1619047619047619
tariff_1,MID,tariff_8,125,0.7851274525206258,0.5175258421983961,1.2677871723272978,0.3968253968253968
tariff_1,MID,tariff_9,27,1.329361829815006,1.4987082609577382,1.1770312170966224,0.08571428571428572
tariff_1,HIGH,tariff_10,9,0.176656792896104,0.08082267783182595,0.5516307914953444,0.1267605633802817
tariff_1,HIGH,tariff_11,4,0.023996354399308473,0.18558782420004905,0.3517702117351268,0.056338028169014086
tariff_1,HIGH,tariff_12,2,0.40998918056931755,0.40998918056931755,0.08477432106816969,0.028169014084507043
tariff_1,HIGH,tariff_13,14,-0.3547309197953163,-0.3789121649487466,0.2951058626817841,0.19718309859154928
tariff_1,HIGH,tariff_4,10,-0.0317440678819448,-0.07972701156624279,0.6422709860076912,0.14084507042253522
tariff_1,HIGH,tariff_8,32,-0.23717832716346202,-0.18630055850494714,0.463797604996512,0.4507042253521127
tariff_10,LOW,tariff_1,1,-0.8635379061371842,-0.8635379061371842,,0.016666666666666666
tariff_10,LOW,tariff_11,11,-0.012058119724218259,-0.9434371926438658,1.5664125429800813,0.18333333333333332
tariff_10,LOW,tariff_12,4,-0.606794337954778,-1.0,0.7864113240904439,0.06666666666666667
tariff_10,LOW,tariff_13,2,1.9904472849666335,1.9904472849666335,1.4277231415307672,0.03333333333333333
tariff_10,LOW,tariff_21,2,1.0,1.0,2.8284271247461903,0.03333333333333333
tariff_10,LOW,tariff_4,13,0.4244661082191449,0.28177600738383823,1.38939474679397,0.21666666666666667
tariff_10,LOW,tariff_8,19,0.17908349923250735,-0.9821217550413601,1.7181942269587231,0.31666666666666665
tariff_10,LOW,tariff_9,8,1.9405619610452443,3.0,1.7470273901146722,0.13333333333333333
tariff_10,MID,tariff_1,12,-0.7416633204835663,-0.8210592953404757,0.2641410208910748,0.0332409972299169
tariff_10,MID,tariff_11,86,0.41415618583543296,0.4539311552552814,0.9823472550386592,0.23822714681440443
tariff_10,MID,tariff_12,30,0.30191127470411855,0.31122585143319137,0.8928857361679325,0.08310249307479224
tariff_10,MID,tariff_13,31,-0.17791055247618343,-0.2974126523453444,0.7009809570940493,0.08587257617728532
tariff_10,MID,tariff_21,1,-0.2176759932432193,-0.2176759932432193,,0.002770083102493075
tariff_10,MID,tariff_4,60,0.006431126255594921,0.03122583496809228,0.8414468094017713,0.16620498614958448
tariff_10,MID,tariff_8,138,0.21811502574878772,0.21997523868700175,0.7745099500097127,0.38227146814404434
tariff_10,MID,tariff_9,3,0.2256381741252159,0.1673875083948959,0.807177107350865,0.008310249307479225
tariff_10,HIGH,tariff_1,17,-0.5760149289791726,-0.5288250179753669,0.4221326950138583,0.02514792899408284
tariff_10,HIGH,tariff_11,134,-0.05780110432062552,-0.039404978379194155,0.46274158876238164,0.19822485207100593
tariff_10,HIGH,tariff_12,91,-0.06670828714094876,-0.022662464159437623,0.45501859908928416,0.1346153846153846
tariff_10,HIGH,tariff_13,33,-0.3488036306105409,-0.39892606117359064,0.35475184929493797,0.04881656804733728
tariff_10,HIGH,tariff_4,77,-0.3452035415120567,-0.2964351525049169,0.4078609169166707,0.11390532544378698
tariff_10,HIGH,tariff_8,324,-0.1336522200628443,-0.12702691845866892,0.3811826532968086,0.47928994082840237
tariff_11,LOW,tariff_10,14,-0.5083402624052928,-0.9999475150952717,1.0760743906245798,0.2028985507246377
tariff_11,LOW,tariff_12,20,0.1298900157224021,-0.7502318860282228,1.50008390174288,0.2898550724637681
tariff_11,LOW,tariff_13,4,0.11279707033754516,-0.7744058593249097,1.929327852795364,0.057971014492753624
tariff_11,LOW,tariff_21,1,3.0,3.0,,0.014492753623188406
tariff_11,LOW,tariff_4,10,0.07765068641937267,-0.9396483530084521,1.706902074335171,0.14492753623188406
tariff_11,LOW,tariff_8,16,1.2216609392800275,1.9193591966527026,1.8073109115486066,0.2318840579710145
tariff_11,LOW,tariff_9,4,2.0895756457564576,3.0,1.820848708487085,0.057971014492753624
tariff_11,MID,tariff_1,6,-0.25737366566092235,-0.41527331021833014,0.5702427771464766,0.023809523809523808
tariff_11,MID,tariff_10,29,0.24602805434040526,0.1961606270721723,1.0698233120963558,0.11507936507936507
tariff_11,MID,tariff_12,62,0.10456091208912645,0.15754840879396037,0.9887125514920232,0.24603174603174602
tariff_11,MID,tariff_13,7,-0.16974567912714367,-0.13563862332270582,0.45991215732331847,0.027777777777777776
tariff_11,MID,tariff_4,42,0.2163390501085461,-7.772306510744897e-05,1.0063458383111663,0.16666666666666666
tariff_11,MID,tariff_8,103,0.23461677594404895,0.22388153241474384,0.8262614615142032,0.4087301587301587
tariff_11,MID,tariff_9,3,0.7078545466743575,0.24466715230716019,0.9949233259552678,0.011904761904761904
tariff_11,HIGH,tariff_1,5,-0.30233830540138784,-0.3796934197151862,0.30110943266833334,0.01006036217303823
tariff_11,HIGH,tariff_10,110,-0.05068882867867514,-0.08645491843138664,0.425854514960569,0.22132796780684105
tariff_11,HIGH,tariff_12,107,0.07746405220237244,0.12055639398036466,0.5271945211196498,0.2152917505030181
tariff_11,HIGH,tariff_13,20,-0.4978903383600917,-0.5337661288850617,0.3249948923536319,0.04024144869215292
tariff_11,HIGH,tariff_4,42,-0.2804847658118418,-0.37916987102566413,0.5890618175642243,0.08450704225352113
tariff_11,HIGH,tariff_8,213,-0.16091178588169547,-0.14135160010040415,0.42321680039824283,0.42857142857142855
tariff_12,LOW,tariff_10,8,-0.7691216604424016,-1.0,0.6530225581210726,0.23529411764705882
tariff_12,LOW,tariff_11,6,1.1257629277201076,1.3772887831603229,2.0715298286232526,0.17647058823529413
tariff_12,LOW,tariff_13,3,0.4379096843663772,-0.6862709469008682,2.224373297984697,0.08823529411764706
tariff_12,LOW,tariff_4,10,-0.7503864038581785,-1.0,0.6817558972936604,0.29411764705882354
tariff_12,LOW,tariff_8,6,1.6549062409963202,2.7519577448819907,1.8957553813628816,0.17647058823529413
tariff_12,LOW,tariff_9,1,-1.0,-1.0,,0.029411764705882353
tariff_12,MID,tariff_1,2,-0.6071872311956418,-0.6071872311956418,0.5555211451164505,0.013888888888888888
tariff_12,MID,tariff_10,22,0.26179728765046717,0.2449094953587262,0.9880483900367686,0.1527777777777778
tariff_12,MID,tariff_11,22,-0.24723962662178325,-0.5165440904103196,0.8138854510954822,0.1527777777777778
tariff_12,MID,tariff_13,9,-0.07471115698300433,-0.26949564765752576,0.6129169583361149,0.0625
tariff_12,MID,tariff_4,10,0.1144399049490489,-0.31239252060883155,1.084202607403997,0.06944444444444445
tariff_12,MID,tariff_8,78,0.5124144699153099,0.335333597172743,0.9385318585018982,0.5416666666666666
tariff_12,MID,tariff_9,1,1.3624518944998116,1.3624518944998116,,0.006944444444444444
tariff_12,HIGH,tariff_1,5,-0.6880092852211679,-0.7878158571698459,0.3772458775621089,0.0136986301369863
tariff_12,HIGH,tariff_10,85,-0.00889730595428645,0.042001967693467535,0.46876762989445403,0.2328767123287671
tariff_12,HIGH,tariff_11,82,0.051374488617554934,0.02492292416782127,0.5285963975043297,0.22465753424657534
tariff_12,HIGH,tariff_13,9,-0.36254199018546546,-0.5296255773630884,0.3906781659750481,0.024657534246575342
tariff_12,HIGH,tariff_4,15,-0.26282849856300317,-0.20116072798917806,0.30792109822245683,0.0410958904109589
tariff_12,HIGH,tariff_8,168,-0.09479833640100437,-0.11556763924305091,0.40377736969816125,0.4602739726027397
tariff_12,HIGH,tariff_9,1,-0.17920096686657694,-0.17920096686657694,,0.0027397260273972603
tariff_13,LOW,tariff_1,3,1.1088035272034107,1.199344992325818,1.9380540640307495,0.06976744186046512
tariff_13,LOW,tariff_10,2,3.0,3.0,0.0,0.046511627906976744
tariff_13,LOW,tariff_11,1,1.5004813284665675,1.5004813284665675,,0.023255813953488372
tariff_13,LOW,tariff_21,2,-0.4898614323699172,-0.4898614323699172,0.7214448810320475,0.046511627906976744
tariff_13,LOW,tariff_4,7,0.05152107123240168,-0.2557807513577067,1.4326451744320663,0.16279069767441862
tariff_13,LOW,tariff_8,20,1.2341153498080717,1.1809056455232212,1.6113481208067386,0.46511627906976744
tariff_13,LOW,tariff_9,8,1.5364078194189437,3.0,2.021948030449611,0.18604651162790697
tariff_13,MID,tariff_1,41,-0.5026469914005135,-0.8218993179835106,0.640073083316601,0.09785202863961814
tariff_13,MID,tariff_10,29,0.6158318407803276,0.6645532186212741,1.0978194546668798,0.06921241050119331
tariff_13,MID,tariff_11,9,0.33150539961217657,0.487645451785895,0.6691861270835795,0.021479713603818614
tariff_13,MID,tariff_12,3,-0.47648097036384174,-0.8638843822047647,0.7801783502409335,0.007159904534606206
tariff_13,MID,tariff_21,2,0.9109967808030623,0.9109967808030623,0.011766112384886881,0.00477326968973747
tariff_13,MID,tariff_4,73,0.20749986109721422,0.2232146713544052,0.682467064473922,0.17422434367541767
tariff_13,MID,tariff_8,234,0.4591171122891425,0.4054727663629685,0.9722680126420116,0.5584725536992841
tariff_13,MID,tariff_9,28,0.4255827154080515,0.36422755356455516,0.7763272675597097,0.06682577565632458
tariff_13,HIGH,tariff_1,7,-0.27846711534699825,-0.2525050369601126,0.8126065885051806,0.08139534883720931
tariff_13,HIGH,tariff_10,9,0.09381208708571893,-0.024250589424048563,0.49550373483175875,0.10465116279069768
tariff_13,HIGH,tariff_11,6,-0.328548295614903,-0.48164667281623824,0.6767101784560399,0.06976744186046512
tariff_13,HIGH,tariff_12,9,-0.13435467444831048,0.014760450980284778,0.44483472188493656,0.10465116279069768
tariff_13,HIGH,tariff_4,22,-0.1309911981193927,-0.20711147295030968,0.32973824054191864,0.2558139534883721
tariff_13,HIGH,tariff_8,33,0.06364769926790323,-0.07330873308733099,0.671322953084621,0.38372093023255816
tariff_14,LOW,tariff_1,2,3.0,3.0,0.0,0.03773584905660377
tariff_14,LOW,tariff_10,4,0.06973210776161823,-0.8605357844767636,1.9579320672707714,0.07547169811320754
tariff_14,LOW,tariff_11,1,-1.0,-1.0,,0.018867924528301886
tariff_14,LOW,tariff_12,4,0.02914961040083458,-0.9417007791983308,1.9813291234977457,0.07547169811320754
tariff_14,LOW,tariff_13,3,0.8048228001894525,0.41446840056835743,2.0283693987973836,0.05660377358490566
tariff_14,LOW,tariff_21,3,1.1434965628153317,1.8767957927142125,1.8739861835401046,0.05660377358490566
tariff_14,LOW,tariff_4,6,1.273755067473787,1.8212652024213607,1.895233446815851,0.11320754716981132
tariff_14,LOW,tariff_8,9,1.675925925925926,3.0,1.9862567934138617,0.16981132075471697
tariff_14,LOW,tariff_9,21,1.2237535993304565,1.58585313174946,1.639571135398432,0.39622641509433965
tariff_14,MID,tariff_1,8,-0.5189085581232451,-0.5498245054908282,0.47217715438540936,0.06779661016949153
tariff_14,MID,tariff_10,17,0.026072596988890934,-0.22461065801574553,1.1131437580367445,0.1440677966101695
tariff_14,MID,tariff_11,3,-0.4665757981003326,-1.0,0.9239178196771027,0.025423728813559324
tariff_14,MID,tariff_12,6,-0.9876771244507486,-1.0,0.019386380550613407,0.05084745762711865
tariff_14,MID,tariff_13,9,0.1408564748381596,-0.3530009752264903,1.1937752266305763,0.07627118644067797
tariff_14,MID,tariff_21,1,-1.0,-1.0,,0.00847457627118644
tariff_14,MID,tariff_4,25,-0.034089181487017096,-0.015776020448917683,0.6314054424874788,0.211864406779661
tariff_14,MID,tariff_8,42,-0.08540354020043892,-0.16950121184759936,0.9442684444453011,0.3559322033898305
tariff_14,MID,tariff_9,7,0.8974573702496068,0.7287748298374777,1.2679080926302702,0.059322033898305086
tariff_14,HIGH,tariff_1,4,-0.589452502147312,-0.6212610551087131,0.45771445111152176,0.057971014492753624
tariff_14,HIGH,tariff_10,11,-0.31563956750404537,-0.234254348696612,0.553337116691943,0.15942028985507245
tariff_14,HIGH,tariff_11,4,-0.11611402388397726,-0.2310906351548933,0.5761302964721967,0.057971014492753624
tariff_14,HIGH,tariff_12,2,-0.49118515983825795,-0.49118515983825795,0.7195728476934342,0.028985507246376812
tariff_14,HIGH,tariff_13,4,-0.5219058092350353,-0.41961112963114044,0.34502398346952173,0.057971014492753624
tariff_14,HIGH,tariff_4,9,-0.3053638847426319,-0.4005729369006945,0.32101394394222366,0.13043478260869565
tariff_14,HIGH,tariff_8,35,-0.07902045791688787,-0.10172068422754654,0.4065701649880097,0.5072463768115942
tariff_15,LOW,tariff_1,4,0.6613803708146344,0.13334618950453653,1.6155715727766804,0.05063291139240506
tariff_15,LOW,tariff_10,4,2.012695338766508,3.0,1.974609322466984,0.05063291139240506
tariff_15,LOW,tariff_11,1,-1.0,-1.0,,0.012658227848101266
tariff_15,LOW,tariff_13,14,1.5678470782197238,1.951764127884485,1.4954639660745421,0.17721518987341772
tariff_15,LOW,tariff_21,8,0.9505668558681227,0.9127221184605859,1.7534774634757728,0.10126582278481013
tariff_15,LOW,tariff_4,7,0.9621020505296859,0.47507437941450337,1.8567461532530336,0.08860759493670886
tariff_15,LOW,tariff_8,21,1.4837494791951922,2.3541537507749535,1.7091405252352032,0.26582278481012656
tariff_15,LOW,tariff_9,20,1.5583181016204448,2.6388377200750996,1.7076185386599165,0.25316455696202533
tariff_15,MID,tariff_1,54,-0.43441144778009255,-0.5658380877332895,0.5121493543752413,0.04112718964204113
tariff_15,MID,tariff_10,180,0.4887781830287732,0.43958129881519203,0.74782499298934,0.1370906321401371
tariff_15,MID,tariff_11,23,0.4823028505663499,0.3505432437356757,0.9260386329989698,0.017517136329017517
tariff_15,MID,tariff_12,4,2.3557600006482087,2.7830460277982,1.0092477985923936,0.0030464584920030465
tariff_15,MID,tariff_13,348,0.02620887421329465,-0.07413366115823583,0.5180159858557899,0.26504188880426505
tariff_15,MID,tariff_21,8,0.25621817740313557,0.29944131300187793,0.8393245199353692,0.006092916984006093
tariff_15,MID,tariff_4,133,0.42906455714231295,0.376570567003244,0.7852332258517003,0.1012947448591013
tariff_15,MID,tariff_8,430,0.4857587077602754,0.46132938184519934,0.7584138096854447,0.3274942878903275
tariff_15,MID,tariff_9,133,0.3591314183675034,0.2923933052760306,0.592103719228701,0.1012947448591013
tariff_15,HIGH,tariff_1,3,0.03765559370539965,0.3063275329602002,0.9328048035101553,0.03896103896103896
tariff_15,HIGH,tariff_10,9,0.15111763713570703,0.22040293367252062,0.4035539106496069,0.11688311688311688
tariff_15,HIGH,tariff_11,5,-0.0913552244103634,-0.04579899740385296,0.5876223226676215,0.06493506493506493
tariff_15,HIGH,tariff_12,3,0.5325924442042959,0.5426294179212623,0.5681927075897019,0.03896103896103896
tariff_15,HIGH,tariff_13,11,-0.23419960903556108,-0.2568702193297553,0.25828314177237655,0.14285714285714285
tariff_15,HIGH,tariff_4,16,-0.07477848308421792,-0.11232711127533823,0.26067811288380255,0.2077922077922078
tariff_15,HIGH,tariff_8,30,-0.09451185944022947,-0.05945361908797392,0.4042193810902624,0.38961038961038963
tariff_16,LOW,tariff_1,27,0.2931742019558167,-0.20177826396662257,1.2172669163873104,0.12442396313364056
tariff_16,LOW,tariff_10,2,1.0,1.0,2.8284271247461903,0.009216589861751152
tariff_16,LOW,tariff_11,4,2.1796047622343737,3.0,1.6407904755312521,0.018433179723502304
tariff_16,LOW,tariff_13,9,2.3373477257382316,2.63419460831902,0.9227681996284882,0.041474654377880185
tariff_16,LOW,tariff_21,29,1.037370747822608,0.8494743777033025,1.6473815485081604,0.1336405529953917
tariff_16,LOW,tariff_4,13,1.7455243860080623,3.0,1.6985335907724506,0.059907834101382486
tariff_16,LOW,tariff_8,25,1.9386228455700572,2.9850168684262752,1.4303818240047441,0.1152073732718894
tariff_16,LOW,tariff_9,108,1.244845362066241,1.5929197088285305,1.7155537872240247,0.4976958525345622
tariff_16,MID,tariff_1,48,-0.38329861897865986,-0.5098457948751132,0.515657540794918,0.24742268041237114
tariff_16,MID,tariff_10,4,1.4021321184665076,1.2507537605878343,1.202626401827637,0.020618556701030927
tariff_16,MID,tariff_11,10,0.767857838871715,0.3398208199338625,1.3540341118334438,0.05154639175257732
tariff_16,MID,tariff_12,1,-0.504769759723354,-0.504769759723354,,0.005154639175257732
tariff_16,MID,tariff_13,43,0.20368371846350652,0.03763289114686241,0.7823324211298013,0.22164948453608246
tariff_16,MID,tariff_21,7,0.7644975504378637,0.02356453378445611,1.7154221939923862,0.03608247422680412
tariff_16,MID,tariff_4,15,0.5186405556109019,0.4089400094851183,0.9361419805229168,0.07731958762886598
tariff_16,MID,tariff_8,44,0.7859728597164545,0.7980352610657878,1.1458873315072722,0.2268041237113402
tariff_16,MID,tariff_9,22,0.8086027470209799,0.9182846216787292,1.3362804053581905,0.1134020618556701
tariff_16,HIGH,tariff_1,1,-0.2660151259317278,-0.2660151259317278,,0.06666666666666667
tariff_16,HIGH,tariff_11,3,0.029180161011897725,-0.0330787221572032,0.5419455627961849,0.2
tariff_16,HIGH,tariff_13,4,-0.13241161960960873,-0.420576132447018,0.8606411383015363,0.26666666666666666
tariff_16,HIGH,tariff_4,3,0.07431700700493966,-0.07775929415976168,0.5319119638392236,0.2
tariff_16,HIGH,tariff_8,4,0.05397407460483186,0.06632789892127788,0.19757598655505776,0.26666666666666666
tariff_17,LOW,tariff_1,1,-0.2749888542131075,-0.2749888542131075,,0.03571428571428571
tariff_17,LOW,tariff_12,1,3.0,3.0,,0.03571428571428571
tariff_17,LOW,tariff_13,3,0.4980510922296066,-0.5058467233111803,2.180793002106269,0.10714285714285714
tariff_17,LOW,tariff_4,4,0.776578358179806,0.23782682480019202,1.5793095553383085,0.14285714285714285
tariff_17,LOW,tariff_8,15,1.0122740511161843,0.6227763549525853,1.7582311100357562,0.5357142857142857
tariff_17,LOW,tariff_9,4,2.1690954603883363,3.0,1.6618090792233273,0.14285714285714285
tariff_17,MID,tariff_1,23,-0.2840247096439122,-0.5687317239983529,0.9140284548344149,0.08273381294964029
tariff_17,MID,tariff_10,16,0.5478067463532948,0.5202525981985514,0.8450538888244005,0.05755395683453238
tariff_17,MID,tariff_11,23,0.1855766944689358,0.16070932829065177,0.7730295246539426,0.08273381294964029
tariff_17,MID,tariff_12,4,0.722032322517995,0.43560049605831574,0.7611900870247261,0.014388489208633094
tariff_17,MID,tariff_13,35,-0.047665690280856626,-0.2566871915763733,0.6563843265352439,0.12589928057553956
tariff_17,MID,tariff_4,45,0.19499993857201695,0.16740790593836863,0.4728356119739408,0.1618705035971223
tariff_17,MID,tariff_8,127,0.4964726465812982,0.3364115929049931,0.834002692224802,0.4568345323741007
tariff_17,MID,tariff_9,5,1.425157731771691,2.1187189482534587,1.5185540721715205,0.017985611510791366
tariff_17,HIGH,tariff_1,3,-0.6666781071724359,-0.9454770147236227,0.5308126738060273,0.015463917525773196
tariff_17,HIGH,tariff_10,14,0.194521207372689,0.24065681145372664,0.3156494649770755,0.07216494845360824
tariff_17,HIGH,tariff_11,11,0.2611380321044756,0.2218143672619719,0.46978643759474115,0.05670103092783505
tariff_17,HIGH,tariff_12,6,-0.06861693558288934,-0.1665998315084955,0.4914926797939046,0.030927835051546393
tariff_17,HIGH,tariff_13,16,-0.3074261204202863,-0.3307773059076275,0.4127598406891905,0.08247422680412371
tariff_17,HIGH,tariff_4,30,0.06820211449470155,-0.16499099874928363,0.679697923860909,0.15463917525773196
tariff_17,HIGH,tariff_8,114,-0.05073296757969841,-0.04599114375193902,0.32307095078481396,0.5876288659793815
tariff_18,LOW,tariff_1,4,-0.2957163202713472,-0.40134815485521097,0.44174067178890564,0.07692307692307693
tariff_18,LOW,tariff_10,9,0.612611435990297,-1.0,1.9312393172881184,0.17307692307692307
tariff_18,LOW,tariff_11,2,3.0,3.0,0.0,0.038461538461538464
tariff_18,LOW,tariff_12,1,3.0,3.0,,0.019230769230769232
tariff_18,LOW,tariff_13,6,1.2322815501560747,1.3972049068302277,1.9467331809126298,0.11538461538461539
tariff_18,LOW,tariff_4,3,1.8631859933790273,3.0,1.9690196182234667,0.057692307692307696
tariff_18,LOW,tariff_8,14,2.061604565593929,3.0,1.6692201144882284,0.2692307692307692
tariff_18,LOW,tariff_9,13,1.7208956156309159,3.0,1.6846917704790976,0.25
tariff_18,MID,tariff_1,5,-0.6778137495498078,-0.6408433029365013,0.11179386863085367,0.03676470588235294
tariff_18,MID,tariff_10,27,0.5651522225362997,0.496771896797239,1.1289633898956584,0.19852941176470587
tariff_18,MID,tariff_11,5,1.0258213973373125,0.5193532536427807,1.2255075943123372,0.03676470588235294
tariff_18,MID,tariff_12,6,1.2489169569647907,0.5603910082623078,1.3768270091276962,0.04411764705882353
tariff_18,MID,tariff_13,25,0.17945644572571606,0.04314603828481722,0.7991239282999696,0.18382352941176472
tariff_18,MID,tariff_4,15,0.5050393893428585,0.3497969445843718,1.3029253636787868,0.11029411764705882
tariff_18,MID,tariff_8,50,0.562715860779361,0.30532841237796104,0.9243800349114211,0.36764705882352944
tariff_18,MID,tariff_9,3,0.9879814926814868,0.908719731971048,1.9735817112628202,0.022058823529411766
tariff_18,HIGH,tariff_1,8,-0.6419780098568909,-0.8073644521300429,0.4654915949302366,0.024844720496894408
tariff_18,HIGH,tariff_10,67,0.001397561449312718,0.0073634834110434255,0.4101069779924827,0.2080745341614907
tariff_18,HIGH,tariff_11,22,0.23036117981397689,0.14291085827085004,0.6038318643847909,0.06832298136645963
tariff_18,HIGH,tariff_12,26,-0.035683701247596185,-0.026749480926335722,0.29830550896396785,0.08074534161490683
tariff_18,HIGH,tariff_13,23,-0.37346908098187426,-0.43824652860054025,0.4305044888763878,0.07142857142857142
tariff_18,HIGH,tariff_4,49,-0.15520468166792878,-0.19897513446755055,0.35992367176786894,0.15217391304347827
tariff_18,HIGH,tariff_8,127,-0.08742692664376396,-0.04877322331828804,0.34884504705264274,0.3944099378881988
tariff_19,LOW,tariff_1,8,-0.5388546966071783,-0.5875657850269558,0.44920126852318537,0.16326530612244897
tariff_19,LOW,tariff_10,3,0.8488371150400869,0.5465113451202606,2.017064860972054,0.061224489795918366
tariff_19,LOW,tariff_11,3,-0.22027479797848729,-0.9967208587898243,1.3476848435898723,0.061224489795918366
tariff_19,LOW,tariff_13,8,1.7819050088742003,2.6756897797521875,1.5875980033898613,0.16326530612244897
tariff_19,LOW,tariff_21,1,3.0,3.0,,0.02040816326530612
tariff_19,LOW,tariff_4,3,1.7452883456179709,3.0,2.173224334238476,0.061224489795918366
tariff_19,LOW,tariff_8,11,0.3361003157374529,-0.4187275937717374,1.7363298146156627,0.22448979591836735
tariff_19,LOW,tariff_9,12,1.103178619591725,1.2382007320362165,1.9855029995973383,0.24489795918367346
tariff_19,MID,tariff_1,3,-0.46013548532219045,-0.8806791697235249,0.7589662534881737,0.039473684210526314
tariff_19,MID,tariff_10,13,0.255255808803157,0.11728685821950058,0.9085019492746752,0.17105263157894737
tariff_19,MID,tariff_11,4,0.3178227014452209,-0.3643545971095582,1.8459853421714272,0.05263157894736842
tariff_19,MID,tariff_13,12,0.1773647252838656,0.07396956076904193,0.5656336379240853,0.15789473684210525
tariff_19,MID,tariff_4,16,0.2035204015716805,-0.09108393178800217,1.1444396626407174,0.21052631578947367
tariff_19,MID,tariff_8,21,0.768894166772486,0.6888541097967849,1.1149612903927277,0.27631578947368424
tariff_19,MID,tariff_9,7,0.3933529534808704,0.5907635167567653,1.0786408302855301,0.09210526315789473
tariff_19,HIGH,tariff_1,3,-0.5125228282284336,-0.30389811025419444,0.4236253987528525,0.04918032786885246
tariff_19,HIGH,tariff_10,2,-0.0033573177347406835,-0.0033573177347406835,0.13144230029704243,0.03278688524590164
tariff_19,HIGH,tariff_11,5,-0.010927675809424909,0.17575259497648466,0.9166529945834967,0.08196721311475409
tariff_19,HIGH,tariff_12,6,-0.22773216001880728,-0.27416567174578144,0.3868562688361482,0.09836065573770492
tariff_19,HIGH,tariff_13,5,-0.49950089507132756,-0.45449013350013,0.22832296570525723,0.08196721311475409
tariff_19,HIGH,tariff_4,5,-0.27573343412126083,-0.22052314711986676,0.47660232200841257,0.08196721311475409
tariff_19,HIGH,tariff_8,35,-0.29886401697706366,-0.25178992169428027,0.3630838380746557,0.5737704918032787
tariff_2,LOW,tariff_1,12,0.2255016789989217,-0.2207554783425117,1.4302297241632917,0.14814814814814814
tariff_2,LOW,tariff_10,6,1.6685044672382485,3.0,2.0627469568694523,0.07407407407407407
tariff_2,LOW,tariff_13,15,2.2039487064090224,3.0,1.3730889949226546,0.18518518518518517
tariff_2,LOW,tariff_21,13,1.0237808844582619,0.4959416095136222,1.8359641385196417,0.16049382716049382
tariff_2,LOW,tariff_4,4,0.806776271381729,0.602697516526191,1.6857408363711517,0.04938271604938271
tariff_2,LOW,tariff_8,17,0.8651478862815365,0.501139357291331,1.4375719048659568,0.20987654320987653
tariff_2,LOW,tariff_9,14,1.1061584378200002,1.3005722857893471,1.872048880440257,0.1728395061728395
tariff_2,MID,tariff_1,20,-0.5166428664933149,-0.6237915911651819,0.43426187096071983,0.06688963210702341
tariff_2,MID,tariff_10,30,0.2971271678240503,0.276872459179462,0.6958021435454786,0.10033444816053512
tariff_2,MID,tariff_11,4,0.38616793697954177,0.172928173338601,0.8181364133675518,0.013377926421404682
tariff_2,MID,tariff_12,5,0.6219702418717526,0.39457872875251,1.2676862838716623,0.016722408026755852
tariff_2,MID,tariff_13,58,0.08017919857486347,-0.024378647199133074,0.6475033629934827,0.1939799331103679
tariff_2,MID,tariff_21,3,-0.5220794073705212,-0.5068458524666133,0.47048881439072826,0.010033444816053512
tariff_2,MID,tariff_4,23,0.46614815538551996,0.4384120466171362,0.9189619857679634,0.07692307692307693
tariff_2,MID,tariff_8,114,0.36237496587163637,0.30410645422617044,0.9005049947230481,0.38127090301003347
tariff_2,MID,tariff_9,42,0.17002006827757715,0.22034521923981587,0.6789214040848824,0.14046822742474915
tariff_2,HIGH,tariff_1,1,-0.6968949562158235,-0.6968949562158235,,0.03571428571428571
tariff_2,HIGH,tariff_10,2,0.04878511203887481,0.04878511203887481,0.365777879262622,0.07142857142857142
tariff_2,HIGH,tariff_11,1,-0.21382639043588025,-0.21382639043588025,,0.03571428571428571
tariff_2,HIGH,tariff_13,3,-0.07787106310670107,-0.23444144706616876,0.489666262880708,0.10714285714285714
tariff_2,HIGH,tariff_4,5,0.0139956491938797,0.13020854089690226,0.38903246405332337,0.17857142857142858
tariff_2,HIGH,tariff_8,16,0.0170750462754245,-0.05091548162480125,0.45136488134332964,0.5714285714285714
tariff_20,LOW,tariff_1,4,0.5180666842173198,0.2995211921170745,1.3827417773034285,0.19047619047619047
tariff_20,LOW,tariff_10,2,1.8936938818124869,1.8936938818124869,1.5645531164771131,0.09523809523809523
tariff_20,LOW,tariff_11,1,-1.0,-1.0,,0.047619047619047616
tariff_20,LOW,tariff_12,1,-0.8107022336493652,-0.8107022336493652,,0.047619047619047616
tariff_20,LOW,tariff_13,5,2.1512835765548797,2.583456048606844,0.9869416695168545,0.23809523809523808
tariff_20,LOW,tariff_4,2,-0.9852047722479302,-0.9852047722479302,0.020923611745375856,0.09523809523809523
tariff_20,LOW,tariff_8,4,1.7258594756830763,2.282490102742954,1.729396575174416,0.19047619047619047
tariff_20,LOW,tariff_9,2,1.0183358624178047,1.0183358624178047,2.8024962994371236,0.09523809523809523
tariff_20,MID,tariff_1,9,-0.14739013537669854,-0.7074929662708149,1.1309542576207416,0.13432835820895522
tariff_20,MID,tariff_10,5,0.16636241401049878,0.5325024207364004,1.101537034493027,0.07462686567164178
tariff_20,MID,tariff_11,2,0.4323352975770276,0.4323352975770276,0.0011049273159994956,0.029850746268656716
tariff_20,MID,tariff_12,3,0.35934246359095506,0.2869145781587932,1.3969652938157555,0.04477611940298507
tariff_20,MID,tariff_13,8,-0.14843866744614687,-0.0767453534009685,0.23707718635899364,0.11940298507462686
tariff_20,MID,tariff_4,8,-0.3159312436761625,-0.051519742901331655,0.5245390062140275,0.11940298507462686
tariff_20,MID,tariff_8,31,0.40850721588408107,0.1371430509538072,0.8457822890550553,0.4626865671641791
tariff_20,MID,tariff_9,1,1.955706238097894,1.955706238097894,,0.014925373134328358
tariff_20,HIGH,tariff_1,11,-0.7459101631219135,-0.8426272066458982,0.34038419195668135,0.0650887573964497
tariff_20,HIGH,tariff_10,17,0.08817884199812104,0.12560013170140083,0.4015176911330682,0.10059171597633136
tariff_20,HIGH,tariff_11,8,0.04721115028962934,0.19884455222742148,0.514522730066997,0.047337278106508875
tariff_20,HIGH,tariff_12,9,-0.08093836146466926,0.021645598678900146,0.6105500781747867,0.05325443786982249
tariff_20,HIGH,tariff_13,17,-0.27508955224824605,-0.40669427308650696,0.36297318705368625,0.10059171597633136
tariff_20,HIGH,tariff_4,29,-0.22055292100339485,-0.2468331690085469,0.3193784975617487,0.17159763313609466
tariff_20,HIGH,tariff_8,78,-0.05419338167221088,-0.08570907104392195,0.23166617962789923,0.46153846153846156
tariff_3,LOW,tariff_1,8,-0.2156482084386983,-0.9773022184584621,1.4947956038634491,0.07920792079207921
tariff_3,LOW,tariff_10,5,2.161063664596273,3.0,1.7690979397042732,0.04950495049504951
tariff_3,LOW,tariff_11,2,3.0,3.0,0.0,0.019801980198019802
tariff_3,LOW,tariff_12,5,-0.09413677666188427,-1.0,1.7447947339447833,0.04950495049504951
tariff_3,LOW,tariff_13,6,0.9901687462689606,1.1281178188884804,1.7199131593284416,0.0594059405940594
tariff_3,LOW,tariff_21,2,-1.0,-1.0,0.0,0.019801980198019802
tariff_3,LOW,tariff_4,15,-0.07770137324511446,-0.7415231946437111,1.38906572792861,0.1485148514851485
tariff_3,LOW,tariff_8,27,0.5956913310990212,-0.5190366730078209,1.826842554339625,0.26732673267326734
tariff_3,LOW,tariff_9,31,1.0874978961765192,1.0336782019265072,1.858302149733234,0.3069306930693069
tariff_3,MID,tariff_1,21,-0.5103536096142359,-0.8518371715089778,0.8945276348762035,0.04697986577181208
tariff_3,MID,tariff_10,31,0.5867005011431811,0.4344814086688624,1.4707851857497922,0.06935123042505593
tariff_3,MID,tariff_11,29,0.5726726913734893,0.5957502529283172,1.2876283554161916,0.06487695749440715
tariff_3,MID,tariff_12,8,0.4430032981376403,0.25423200911126276,1.4239637400827745,0.017897091722595078
tariff_3,MID,tariff_13,32,0.18787705183427011,0.11996581510846072,0.827167723043757,0.07158836689038031
tariff_3,MID,tariff_21,8,-0.009624355187142442,-0.14516086091605823,0.9978474941844331,0.017897091722595078
tariff_3,MID,tariff_4,47,0.13832736258753042,-0.17500105095407525,1.1205905269001553,0.10514541387024609
tariff_3,MID,tariff_8,241,0.5835904652183873,0.4526683697259297,1.337298689218299,0.5391498881431768
tariff_3,MID,tariff_9,30,0.1684796051494107,0.26789073285922793,0.8097241768712461,0.06711409395973154
tariff_3,HIGH,tariff_1,3,-0.6613959525191669,-0.865104296582689,0.4744747203139817,0.021897810218978103
tariff_3,HIGH,tariff_10,19,-0.21970508090225652,-0.19904183160736366,0.5472361053081102,0.1386861313868613
tariff_3,HIGH,tariff_11,11,-0.13982687154062012,-0.2809015696035354,0.4984004401827852,0.08029197080291971
tariff_3,HIGH,tariff_12,10,0.1503428362143147,0.12550824588524134,0.5872216182237902,0.072992700729927
tariff_3,HIGH,tariff_13,5,-0.3200947179271558,-0.26896602608284104,0.1477505544333805,0.0364963503649635
tariff_3,HIGH,tariff_4,6,-0.41689205014670044,-0.30672083468012823,0.34023461853000986,0.043795620437956206
tariff_3,HIGH,tariff_8,83,-0.07951331031635951,-0.01336798308276943,0.548699842182441,0.6058394160583942
tariff_4,LOW,tariff_1,3,0.8492319369924403,1.0237568165865771,1.176274096314192,0.03260869565217391
tariff_4,LOW,tariff_10,17,1.0019041212329611,0.6276798613117596,1.8911947588981284,0.18478260869565216
tariff_4,LOW,tariff_11,13,-0.727847987403692,-0.9706662862034527,0.5654747975940236,0.14130434782608695
tariff_4,LOW,tariff_12,9,0.19784738655142398,-0.28983634797588276,1.362920302472402,0.09782608695652174
tariff_4,LOW,tariff_13,8,1.4188297606701123,1.4839072849697827,1.4943394853097134,0.08695652173913043
tariff_4,LOW,tariff_21,3,0.7425128301913814,-0.3859039085225183,1.9550412650929716,0.03260869565217391
tariff_4,LOW,tariff_8,22,0.21699317315626285,-0.5980690801229719,1.558536630150962,0.2391304347826087
tariff_4,LOW,tariff_9,17,2.2635622813812333,3.0,1.3799297445482732,0.18478260869565216
tariff_4,MID,tariff_1,37,-0.4786510103471447,-0.7767900074112906,0.6196642867876849,0.05522388059701493
tariff_4,MID,tariff_10,58,0.10921404311696749,0.186346215639558,0.951647130838157,0.08656716417910448
tariff_4,MID,tariff_11,41,0.33429100177803467,0.2161822550030308,1.1859556576858188,0.06119402985074627
tariff_4,MID,tariff_12,13,-0.3779440472667739,-0.56187715333605,0.8392569669535827,0.019402985074626865
tariff_4,MID,tariff_13,100,-0.04877355234032394,-0.18309857689558334,0.6881913875904243,0.14925373134328357
tariff_4,MID,tariff_21,2,0.6445437124936595,0.6445437124936595,0.44551401768367865,0.0029850746268656717
tariff_4,MID,tariff_8,408,0.3945054725052043,0.2921078866039747,0.9276006281108042,0.608955223880597
tariff_4,MID,tariff_9,11,0.9905193599047654,1.158869504018965,1.2196165029769501,0.016417910447761194
tariff_4,HIGH,tariff_1,21,-0.5618369838586299,-0.6396144496574253,0.33471784253551423,0.0430327868852459
tariff_4,HIGH,tariff_10,45,-0.13202370985543807,-0.1448206955633098,0.42184852845877135,0.09221311475409837
tariff_4,HIGH,tariff_11,32,-0.1561757017885994,-0.2079277564949783,0.6179247798807848,0.06557377049180328
tariff_4,HIGH,tariff_12,19,0.006275465712145024,0.05672080481147401,0.5539021660899985,0.0389344262295082
tariff_4,HIGH,tariff_13,31,-0.46819692422276193,-0.455178465823461,0.3252323914600103,0.06352459016393443
tariff_4,HIGH,tariff_8,340,-0.13688780746636575,-0.08254420087301767,0.3759761979235697,0.6967213114754098
tariff_5,LOW,tariff_1,10,-0.3844742331013551,-0.7905438092112446,1.2181340196040549,0.07518796992481203
tariff_5,LOW,tariff_10,32,0.17258309828953863,-0.952237251248345,1.6293272117175976,0.24060150375939848
tariff_5,LOW,tariff_11,9,-0.5474326884361149,-1.0,1.330506458788623,0.06766917293233082
tariff_5,LOW,tariff_12,8,-0.8470778669774449,-1.0,0.27930539112007613,0.06015037593984962
tariff_5,LOW,tariff_13,36,1.2287435092706156,1.4654374803834578,1.6528003102577138,0.2706766917293233
tariff_5,LOW,tariff_21,1,-1.0,-1.0,,0.007518796992481203
tariff_5,LOW,tariff_4,20,0.8776155983943454,0.44424980613538056,1.7212252215446688,0.15037593984962405
tariff_5,LOW,tariff_8,6,1.6935706275253055,2.89072044299823,1.9448262549613269,0.045112781954887216
tariff_5,LOW,tariff_9,11,0.6380486769793484,-0.9532350234359951,1.9045545245035937,0.08270676691729323
tariff_5,MID,tariff_1,18,-0.2883701393513365,-0.8695796017596817,1.2664412073880207,0.09574468085106383
tariff_5,MID,tariff_10,36,-0.21672644749524336,-0.5828544897974892,1.0344232022635174,0.19148936170212766
tariff_5,MID,tariff_11,15,-0.08221422303432926,-0.8655695492372204,1.237731543373896,0.0797872340425532
tariff_5,MID,tariff_12,17,-0.20225446439760802,-0.6832600092408445,1.1488496040924272,0.09042553191489362
tariff_5,MID,tariff_13,43,-0.043928082228264886,-0.20430949382169716,0.7479914112979779,0.22872340425531915
tariff_5,MID,tariff_21,4,-0.3798942269232478,-1.0,1.2402115461535044,0.02127659574468085
tariff_5,MID,tariff_4,32,0.3996544741088927,0.021205137373105587,1.2409698780722953,0.1702127659574468
tariff_5,MID,tariff_8,21,-0.05881276252864044,-0.21515628772746231,1.064089050849494,0.11170212765957446
tariff_5,MID,tariff_9,2,-0.4008897252295553,-0.4008897252295553,0.5048830060382759,0.010638297872340425
tariff_5,HIGH,tariff_1,9,-0.7409411598010354,-0.827695199350234,0.3227979665412359,0.0891089108910891
tariff_5,HIGH,tariff_10,32,0.024372421467422915,0.019398647524172308,0.6683956484034673,0.31683168316831684
tariff_5,HIGH,tariff_11,18,0.0491299169248142,-0.002183138234672588,0.9012306918161107,0.1782178217821782
tariff_5,HIGH,tariff_12,10,-0.7436565472889493,-0.9967709365416372,0.35679649581610645,0.09900990099009901
tariff_5,HIGH,tariff_13,6,-0.46875963625387645,-0.4843361187510709,0.3367377972588377,0.0594059405940594
tariff_5,HIGH,tariff_4,13,-0.6028171685406672,-0.5913218726558098,0.40516458762144475,0.12871287128712872
tariff_5,HIGH,tariff_8,13,-0.030165039359380537,-0.09933708753735182,0.9619332458976901,0.12871287128712872
tariff_6,LOW,tariff_1,13,0.892528681060764,0.63785594639866,1.441613895589916,0.09848484848484848
tariff_6,LOW,tariff_10,21,-0.08638080574612243,-1.0,1.4591478650910132,0.1590909090909091
tariff_6,LOW,tariff_11,7,0.06785630735002354,-0.599053456243976,1.4157085596060757,0.05303030303030303
tariff_6,LOW,tariff_12,3,1.6666666666666667,3.0,2.3094010767585034,0.022727272727272728
tariff_6,LOW,tariff_13,37,1.4561621157222115,2.317936091634106,1.7455669796056352,0.2803030303030303
tariff_6,LOW,tariff_4,23,1.5661858282354928,2.4990538755400054,1.673750947633858,0.17424242424242425
tariff_6,LOW,tariff_8,10,1.034425630096285,0.5718274188656355,1.7865337645054105,0.07575757575757576
tariff_6,LOW,tariff_9,18,0.48876572977073907,-0.29067852768577834,1.64528134005225,0.13636363636363635
tariff_6,MID,tariff_1,10,-0.594149071205518,-0.8914417838958313,0.49465363634399234,0.09900990099009901
tariff_6,MID,tariff_10,25,0.110667213313851,-0.6480456128242933,1.4000956587520328,0.24752475247524752
tariff_6,MID,tariff_11,10,0.8356863339013175,0.6127807266042407,1.4504125094356506,0.09900990099009901
tariff_6,MID,tariff_12,2,-0.1984072126220886,-0.1984072126220886,1.1336233914102951,0.019801980198019802
tariff_6,MID,tariff_13,28,-0.34120554572033734,-0.4757494561192852,0.6184597259371877,0.27722772277227725
tariff_6,MID,tariff_21,1,-0.7999990988920878,-0.7999990988920878,,0.009900990099009901
tariff_6,MID,tariff_4,13,0.06377121028399334,-0.1481965030847605,0.9399730125138598,0.12871287128712872
tariff_6,MID,tariff_8,9,0.3035867434686155,0.4534802317936324,1.274504820617274,0.0891089108910891
tariff_6,MID,tariff_9,3,-0.12872426315397897,-0.9855069728821876,1.4965600582807108,0.0297029702970297
tariff_6,HIGH,tariff_1,4,-0.6764484634896484,-0.9839512851313637,0.6258296757505093,0.07692307692307693
tariff_6,HIGH,tariff_10,9,-0.48116648081342067,-0.5687536635984854,0.4824448213790686,0.17307692307692307
tariff_6,HIGH,tariff_11,11,0.08334151543309742,0.2285392664586916,0.5183012718730136,0.21153846153846154
tariff_6,HIGH,tariff_12,8,-0.2593576358541029,-1.0,1.2421470894870539,0.15384615384615385
tariff_6,HIGH,tariff_13,6,-0.48046384531034164,-0.5720024977992274,0.5859323591884184,0.11538461538461539
tariff_6,HIGH,tariff_4,10,-0.4795773779300855,-0.5679189336613948,0.5168217293151228,0.19230769230769232
tariff_6,HIGH,tariff_8,3,-0.5985679098860558,-0.7397233905002651,0.37022443555678725,0.057692307692307696
tariff_6,HIGH,tariff_9,1,-0.1551881942168838,-0.1551881942168838,,0.019230769230769232
tariff_7,LOW,tariff_1,4,0.38622786942078563,-0.23290714773056165,1.8602716785509947,0.05714285714285714
tariff_7,LOW,tariff_10,16,0.1562370167540516,-0.6214685872963721,1.5253705213208686,0.22857142857142856
tariff_7,LOW,tariff_11,3,-0.881127246853084,-0.9946151190887125,0.20124821590944014,0.04285714285714286
tariff_7,LOW,tariff_12,4,2.166421213336212,3.0,1.667157573327576,0.05714285714285714
tariff_7,LOW,tariff_13,9,1.005144520654275,0.22084598118232668,1.8389549450588796,0.12857142857142856
tariff_7,LOW,tariff_21,1,-1.0,-1.0,,0.014285714285714285
tariff_7,LOW,tariff_4,10,0.6120815933893138,-0.703213953364749,1.947697573436464,0.14285714285714285
tariff_7,LOW,tariff_8,3,0.3333333333333333,-1.0,2.3094010767585034,0.04285714285714286
tariff_7,LOW,tariff_9,20,1.6367438946725366,2.818107612637326,1.7014575706645385,0.2857142857142857
tariff_7,MID,tariff_1,14,-0.4142296771230109,-0.6919621190578561,0.683936992902012,0.1346153846153846
tariff_7,MID,tariff_10,31,-0.07843298416026853,-0.5195616644630527,1.2661252040872881,0.2980769230769231
tariff_7,MID,tariff_11,6,0.1152707040621449,-0.33221349645173237,1.2126564211294968,0.057692307692307696
tariff_7,MID,tariff_12,2,0.683860168655849,0.683860168655849,0.1206977700901489,0.019230769230769232
tariff_7,MID,tariff_13,18,-0.26734365871461624,-0.3904102410389217,0.6666843911874959,0.17307692307692307
tariff_7,MID,tariff_21,2,-0.905699424637151,-0.905699424637151,0.13335225640237336,0.019230769230769232
tariff_7,MID,tariff_4,15,0.5857803664298044,0.29702640717431117,1.341117982349982,0.14423076923076922
tariff_7,MID,tariff_8,13,-0.09462357577420599,-0.4744198215640616,1.1103508576647447,0.125
tariff_7,MID,tariff_9,3,-0.44362510711190567,-0.7813723602285128,0.6429975378848309,0.028846153846153848
tariff_7,HIGH,tariff_1,6,-0.7715675113465105,-0.9898111801631158,0.36120533459768905,0.06976744186046512
tariff_7,HIGH,tariff_10,26,-0.1115047463113272,-0.04637261849083529,0.6324231087864952,0.3023255813953488
tariff_7,HIGH,tariff_11,8,-0.02281694058994957,-0.12179853882405856,0.734664140449128,0.09302325581395349
tariff_7,HIGH,tariff_12,6,0.34081278550645533,0.0907799885240761,1.4595612092363939,0.06976744186046512
tariff_7,HIGH,tariff_13,5,-0.6357011166655233,-0.5673058787392156,0.36396489575593866,0.05813953488372093
tariff_7,HIGH,tariff_4,15,-0.3498593181816065,-0.5519509847475196,0.7974269957220154,0.1744186046511628
tariff_7,HIGH,tariff_8,20,-0.3748212209108549,-0.4652571270461495,0.5940137233846726,0.23255813953488372
tariff_8,LOW,tariff_1,7,0.1427756584906756,-0.08558553714119788,1.0844041104063966,0.05384615384615385
tariff_8,LOW,tariff_10,30,0.4427742714613881,-0.6089073063624721,1.743583242337176,0.23076923076923078
tariff_8,LOW,tariff_11,16,0.6718658829158561,0.2735356533989103,1.7843260638680578,0.12307692307692308
tariff_8,LOW,tariff_12,10,-0.2340538768202582,-0.9999611454326456,1.3273591770505837,0.07692307692307693
tariff_8,LOW,tariff_13,15,1.2793244285597563,2.0648373434261513,1.6194633880981804,0.11538461538461539
tariff_8,LOW,tariff_21,6,1.178385721493739,1.3436963696369637,2.0073341332328956,0.046153846153846156
tariff_8,LOW,tariff_4,20,0.7832782351865587,-0.5641983036397571,1.9231195537296686,0.15384615384615385
tariff_8,LOW,tariff_9,26,2.4151548834236602,3.0,1.388046906601688,0.2
tariff_8,MID,tariff_1,63,-0.49575892437952074,-0.7478145971104884,0.6504545168461313,0.08181818181818182
tariff_8,MID,tariff_10,182,0.40923258208581703,0.3176484304182733,1.1713910889554462,0.23636363636363636
tariff_8,MID,tariff_11,99,0.24335962146414414,0.03215425838792818,1.1980355978227755,0.12857142857142856
tariff_8,MID,tariff_12,55,0.08839526745402093,-0.415205879667671,1.2371776738739808,0.07142857142857142
tariff_8,MID,tariff_13,164,-0.11877669208747303,-0.19269967059894744,0.5230340628483667,0.21298701298701297
tariff_8,MID,tariff_21,10,-0.3319918943840961,-0.9486024456123092,1.0246354139894087,0.012987012987012988
tariff_8,MID,tariff_4,178,-0.10588471469657489,-0.13921704721844858,0.7884578388131815,0.23116883116883116
tariff_8,MID,tariff_9,19,0.2713204528352414,0.19478710339644767,1.2578019565897056,0.024675324675324677
tariff_8,HIGH,tariff_1,49,-0.6157046376089554,-0.7492186370171245,0.4414259531915641,0.0546875
tariff_8,HIGH,tariff_10,283,0.020361219212799573,0.0013802609608408734,0.4909032508838105,0.3158482142857143
tariff_8,HIGH,tariff_11,133,0.026516215026024213,-0.04708462383458323,0.5654259536802886,0.1484375
tariff_8,HIGH,tariff_12,113,0.0283482921001014,-0.06565483503104363,0.6215982466310089,0.12611607142857142
tariff_8,HIGH,tariff_13,113,-0.45619713327476635,-0.4958064041667748,0.2646928066043194,0.12611607142857142
tariff_8,HIGH,tariff_21,1,-0.20954718697554786,-0.20954718697554786,,0.0011160714285714285
tariff_8,HIGH,tariff_4,204,-0.18148596560581176,-0.16815070729963882,0.4093615475121223,0.22767857142857142
tariff_9,LOW,tariff_1,44,0.0413196836613771,-0.2869558297648286,1.0891582353437632,0.36666666666666664
tariff_9,LOW,tariff_10,3,0.7304381497036309,0.19131444911089268,2.0537747620918916,0.025
tariff_9,LOW,tariff_11,4,1.347599390149579,1.6951757685171254,1.9906603437158714,0.03333333333333333
tariff_9,LOW,tariff_12,2,-0.9932061289389997,-0.9932061289389997,0.009607984595480666,0.016666666666666666
tariff_9,LOW,tariff_13,18,1.5869563947686374,1.7062106598831472,1.4317507909100515,0.15
tariff_9,LOW,tariff_4,12,0.9613842708265804,0.6302164132197283,1.8888556075284473,0.1
tariff_9,LOW,tariff_8,37,1.23257721360907,0.639485106129972,1.6890429026438527,0.30833333333333335
tariff_9,MID,tariff_1,44,-0.3635151093779394,-0.6377841128872763,0.6957800463662083,0.1888412017167382
tariff_9,MID,tariff_10,11,0.1337592213217441,0.519380604258123,0.8441265628930272,0.04721030042918455
tariff_9,MID,tariff_11,11,0.11150425250839478,-0.17194305109182106,1.1326478859064315,0.04721030042918455
tariff_9,MID,tariff_12,10,-0.3075211594134978,-0.6115135456674168,0.7287180945095894,0.04291845493562232
tariff_9,MID,tariff_13,49,0.1755647377721083,-0.013221069231094118,0.7734977007312296,0.21030042918454936
tariff_9,MID,tariff_4,37,0.4522546347976317,0.3759688101836631,1.2862592618368078,0.15879828326180256
tariff_9,MID,tariff_8,71,0.40625687098409957,0.1432388808673477,1.254966916867862,0.30472103004291845
tariff_9,HIGH,tariff_1,4,-0.753666151190971,-0.7640820439971427,0.2534274825687593,0.12903225806451613
tariff_9,HIGH,tariff_10,4,-0.6211800225280418,-0.7613208558542285,0.36299682858090554,0.12903225806451613
tariff_9,HIGH,tariff_11,7,0.2720543063745661,0.00999417630349786,0.8917997183382455,0.22580645161290322
tariff_9,HIGH,tariff_13,2,-0.6912950643470257,-0.6912950643470257,0.2836708959117591,0.06451612903225806
tariff_9,HIGH,tariff_4,2,-0.12852862791015807,-0.12852862791015807,0.046418931751880624,0.06451612903225806
tariff_9,HIGH,tariff_8,12,-0.11114828965681163,-0.11034711968558547,0.4705013061897145,0.3870967741935484
